id,fleet_code,fleet_number,reg,livery_id,slug
3783645,10164,10164,SN63JVM,4140,tflo-sn63jvm
3785993,ADE40305,,YX61FYR,4140,tflo-yx61fyr
3776913,WVN50,,BL61ADV,4140,tflo-bl61adv
3785866,ADH45069,,SN12ASZ,4140,tflo-sn12asz
3778017,37556,37556,YX60DXO,4140,tflo-yx60dxo
3781936,E221,,SN61DEU,4140,tflo-sn61deu
3778505,WVN11,,LK59FEO,4140,tflo-lk59feo
3777558,12269,12269,SN14TWF,4140,tflo-sn14twf
3775925,DLE30026,,LK64CZZ,4140,tflo-lk64czz
3778543,SE106,,YX61BWC,4140,tflo-yx61bwc
3779726,VW1393,,LK62DUU,4140,tflo-lk62duu
3776834,WVL488,,LJ61NWA,4140,tflo-lj61nwa
3783427,10103,10103,LX12DBU,4140,tflo-lx12dbu
3776863,WVL344,,LX59DFD,4140,tflo-lx59dfd
3786588,E209,,SN61DDA,4140,tflo-sn61dda
3776920,WVL339,,LX59DDY,4140,tflo-lx59ddy
3779243,WVL481,,LJ12CHD,4140,tflo-lj12chd
3783601,SDE20281,,YX14RYT,4140,tflo-yx14ryt
3779536,WVN48,,BL61ADU,4140,tflo-bl61adu
3781769,WVN20,,LK59FDN,4140,tflo-lk59fdn
3780544,DEM1352,,LK62DGO,4140,tflo-lk62dgo
3782080,SE112,,YX61BXR,4140,tflo-yx61bxr
3783199,WVL417,,LX11CWZ,4140,tflo-lx11cwz
3783091,12265,12265,SN14TWA,4140,tflo-sn14twa
3783035,E182,,SN61BHV,4140,tflo-sn61bhv
3781049,1484,1484,YX62BHW,4140,tflo-yx62bhw
3777300,T156,,LJ60AVD,4140,tflo-lj60avd
3778590,EH31,,YX13BKD,4140,tflo-yx13bkd
3783583,T265,,LJ61LJL,4140,tflo-lj61ljl
3779102,162,162,YX60FVE,4140,tflo-yx60fve
3776826,WVL454,,LJ61GWP,4140,tflo-lj61gwp
3776827,WVL491,,LJ61NWD,4140,tflo-lj61nwd
3779224,E185,,SN61BHY,4140,tflo-sn61bhy
3780135,VW1386,,LK62DTN,4140,tflo-lk62dtn
3786838,2476,2476,SN64OFA,4140,tflo-sn64ofa
3784065,36554,36554,LX12DKJ,4140,tflo-lx12dkj
3777714,12345,12345,SN64OGU,4140,tflo-sn64ogu
3783845,T300,,KX61LDV,4140,tflo-kx61ldv
3781126,HV59,,LJ62BYT,4140,tflo-lj62byt
3779133,WVL458,,LJ61NUO,4140,tflo-lj61nuo
3782726,SDE20279,,YX14RYP,4140,tflo-yx14ryp
3776829,WVL486,,LJ61NWV,4140,tflo-lj61nwv
3779519,E275,,SN62DMV,4140,tflo-sn62dmv
3776326,2408,2408,SN61DFZ,4140,tflo-sn61dfz
3778810,SE149,,YX61DTU,4140,tflo-yx61dtu
3779367,E235,,YX61DTF,4140,tflo-yx61dtf
3784603,1477,1477,SN12ASO,4140,tflo-sn12aso
3778546,SE109,,YX61BYD,4140,tflo-yx61byd
3783590,VW1388,,LK62DTV,4140,tflo-lk62dtv
3776871,WVL448,,LJ61GWG,4140,tflo-lj61gwg
3783487,DE1164,,LK11CWW,4140,tflo-lk11cww
3779750,TE1423,,LK62DXT,4140,tflo-lk62dxt
3776906,WVN52,,BL61ADX,4140,tflo-bl61adx
3778512,WVN29,,BG59FXF,4140,tflo-bg59fxf
3780654,T326,,LK65ELU,4140,tflo-lk65elu
3784942,ADE40491,,SN13CHC,4140,tflo-sn13chc
3782517,10139,10139,LX12DFU,4140,tflo-lx12dfu
3783249,758,758,YX13AHF,4140,tflo-yx13ahf
3781365,WHV30,,LJ61NVS,4140,tflo-lj61nvs
3779006,SE57,,YX60DXU,4140,tflo-yx60dxu
3779372,E245,,YX61DPZ,4140,tflo-yx61dpz
3788229,DW521,,LJ13CMF,4140,tflo-lj13cmf
3780539,DE1137,,LK10BZD,4140,tflo-lk10bzd
3777524,DW571,,LJ13CKO,4140,tflo-lj13cko
3776170,HV75,,LJ62BWF,4140,tflo-lj62bwf
3780656,T328,,LK65ELW,4140,tflo-lk65elw
3780519,TE1311,,LK12AVU,4140,tflo-lk12avu
3776042,VH45144,,LJ15LAA,4140,tflo-lj15laa
3778103,19778,19778,LX11BFZ,4140,tflo-lx11bfz
3781350,E229,,YX61DSE,4140,tflo-yx61dse
3779132,WVL457,,LJ61NUM,4140,tflo-lj61num
3782048,T179,,LJ60AUF,4140,tflo-lj60auf
3778292,36547,36547,LX12DJV,4140,tflo-lx12djv
3788903,WVL434,,LX11FJO,4140,tflo-lx11fjo
3784749,8254,8254,YY64TXE,4140,tflo-yy64txe
3784503,WVL416,,LX11CWY,4140,tflo-lx11cwy
3781483,T172,,LJ60AUX,4140,tflo-lj60aux
3776482,2471,2471,SN64OEV,4140,tflo-sn64oev
3785335,ADH45077,,SN12AUA,4140,tflo-sn12aua
3783558,19864,19864,LX12CZT,4140,tflo-lx12czt
3787966,10185,10185,SN63NBE,4140,tflo-sn63nbe
3776879,E195,,SN61BJY,4140,tflo-sn61bjy
3776796,E220,,SN61DDZ,4140,tflo-sn61ddz
3776948,1493,1493,YX12FON,4140,tflo-yx12fon
3781305,EH6,,SN61BLJ,4140,tflo-sn61blj
3781351,E242,,YX61DPU,4140,tflo-yx61dpu
3776779,WVN22,,LK59FDP,4140,tflo-lk59fdp
3779681,DE1154,,LK11CWJ,4140,tflo-lk11cwj
3779258,WVL466,,LJ61NVB,4140,tflo-lj61nvb
3783293,19817,19817,LX11BKK,4140,tflo-lx11bkk
3782189,154,154,YX60FTZ,4140,tflo-yx60ftz
3776365,2433,2433,SN61CYT,4140,tflo-sn61cyt
3779009,SE61,,YX60DXW,4140,tflo-yx60dxw
3777572,10184,10184,SN63NBD,4140,tflo-sn63nbd
3783807,E213,,SN61DDK,4140,tflo-sn61ddk
3777248,T285,,LJ13CGG,4140,tflo-lj13cgg
3778513,WVN39,,BV10WWA,4140,tflo-bv10wwa
3782898,2409,2409,SN61DGE,4140,tflo-sn61dge
3780157,TE1444,,LK13BFU,4140,tflo-lk13bfu
3776835,WVL489,,LJ61NWB,4140,tflo-lj61nwb
3783773,158,158,YX60FVA,4140,tflo-yx60fva
3781034,E198,,SN61BKD,4140,tflo-sn61bkd
3785273,36571,36571,LX13CZO,4140,tflo-lx13czo
3780112,VW1381,,LK62DRV,4140,tflo-lk62drv
3783960,T164,,LJ60AVP,4140,tflo-lj60avp
3779887,DE1159,,LK11CWP,4140,tflo-lk11cwp
3777295,T151,,LJ60AVY,4140,tflo-lj60avy
3781046,WVL449,,LJ61GWK,4140,tflo-lj61gwk
3776922,WVL292,,LX59CZK,4140,tflo-lx59czk
3777488,T165,,LJ60AUO,4140,tflo-lj60auo
3781729,ADE40492,,SN13CHD,4140,tflo-sn13chd
3786577,2411,2411,SN61DGO,4140,tflo-sn61dgo
3784413,WVN37,,BV10WVK,4140,tflo-bv10wvk
3785834,12272,12272,SN14TWK,4140,tflo-sn14twk
3779732,VW1395,,LK62DVC,4140,tflo-lk62dvc
3784433,T185,,LJ60ASX,4140,tflo-lj60asx
3776413,8583,8583,YX62DAU,4140,tflo-yx62dau
3782956,EH28,,YX13BJY,4140,tflo-yx13bjy
3783542,10113,10113,LX12DCZ,4140,tflo-lx12dcz
3786093,DE1172,,LK11CXE,4140,tflo-lk11cxe
3780643,T308,,LK65ENW,4140,tflo-lk65enw
3776315,2442,2442,SN12AUK,4140,tflo-sn12auk
3779341,HV27,,LJ11EFT,4140,tflo-lj11eft
3780548,DE1167,,LK11CWZ,4140,tflo-lk11cwz
3779761,DE1127,,LK10BYT,4140,tflo-lk10byt
3782547,WVN36,,BV10WVJ,4140,tflo-bv10wvj
3776811,E200,,SN61BKF,4140,tflo-sn61bkf
3786978,WVL343,,LX59DFC,4140,tflo-lx59dfc
3779394,WVL433,,LX11FJN,4140,tflo-lx11fjn
3779364,E232,,YX61DSV,4140,tflo-yx61dsv
3781209,36546,36546,LX12DJU,4140,tflo-lx12dju
3780533,DE1324,,LK12AXH,4140,tflo-lk12axh
3781429,VW1045,,LK10BXO,4140,tflo-lk10bxo
3783680,E201,,SN61BKG,4140,tflo-sn61bkg
3779004,SE55,,YX60DXT,4140,tflo-yx60dxt
3786607,SE236,,YY15CNJ,4140,tflo-yy15cnj
3776947,1491,1491,YX12FOC,4140,tflo-yx12foc
3779369,E238,,YX61DPF,4140,tflo-yx61dpf
3790016,2430,2430,SN61CYO,4140,tflo-sn61cyo
3786006,E237,,YX61DTN,4140,tflo-yx61dtn
3779820,T269,,LJ61LJV,4140,tflo-lj61ljv
3778083,T180,,LJ60AUH,4140,tflo-lj60auh
3783468,T189,,LJ60ATN,4140,tflo-lj60atn
3779005,SE56,,YX60FSN,4140,tflo-yx60fsn
3784474,WVL462,,LJ61NUW,4140,tflo-lj61nuw
3785249,WVL335,,LX59DDN,4140,tflo-lx59ddn
3777521,DW548,,LJ13CFM,4140,tflo-lj13cfm
3788475,ADE40493,,SN13CHH,4140,tflo-sn13chh
3776791,E219,,SN61DDY,4140,tflo-sn61ddy
3781848,VW1296,,LK12ASZ,4140,tflo-lk12asz
3778547,SE110,,YX61BYF,4140,tflo-yx61byf
3776400,8207,8207,YY64GVX,4140,tflo-yy64gvx
3781849,DE1330,,LK12AXZ,4140,tflo-lk12axz
3780603,HV182,,BG14ONT,4140,tflo-bg14ont
3785885,1497,1497,YX62BXR,4140,tflo-yx62bxr
3782016,DEM1355,,LK62DHE,4140,tflo-lk62dhe
3786318,E268,,SN62DHA,4140,tflo-sn62dha
3782988,WVN46,,BL61ACY,4140,tflo-bl61acy
3783212,WVL495,,LJ61NWH,4140,tflo-lj61nwh
3779806,DW264,,LJ59LXV,4140,tflo-lj59lxv
3777600,19866,19866,LX12CZV,4140,tflo-lx12czv
3778820,EH29,,YX13BJZ,4140,tflo-yx13bjz
3785696,WVN47,,BL61ACX,4140,tflo-bl61acx
3776959,T263,,LJ61LJF,4140,tflo-lj61ljf
3787415,1492,1492,YX12FOD,4140,tflo-yx12fod
3789006,8326,8326,YX10EBJ,4140,tflo-yx10ebj
3782116,1489,1489,YX12FNW,4140,tflo-yx12fnw
3781096,HV93,,LJ13FCO,4140,tflo-lj13fco
3779235,E192,,SN61BJU,4140,tflo-sn61bju
3777232,T271,,LJ61LHP,4140,tflo-lj61lhp
3781487,T294,,GN61JSU,4140,tflo-gn61jsu
3778548,SE111,,YX61BYG,4140,tflo-yx61byg
3777442,HV52,,LJ62BKX,4140,tflo-lj62bkx
3782736,WVL461,,LJ61NUV,4140,tflo-lj61nuv
3778154,36534,36534,LX12DHO,4140,tflo-lx12dho
3778556,E266,,SN62DGF,4140,tflo-sn62dgf
3780087,DE1162,,LK11CWU,4140,tflo-lk11cwu
3783747,160,160,YX60FVC,4140,tflo-yx60fvc
3785095,WVN28,,BG59FXE,4140,tflo-bg59fxe
3779809,HV20,,LJ60AWO,4140,tflo-lj60awo
3776853,WVL485,,LJ61NWU,4140,tflo-lj61nwu
3782562,E234,,YX61DSZ,4140,tflo-yx61dsz
3780520,TE1312,,LK12AWA,4140,tflo-lk12awa
3786479,8324,8324,YX10EBF,4140,tflo-yx10ebf
3783669,19865,19865,LX12CZU,4140,tflo-lx12czu
3776878,WVL342,,LX59DFA,4140,tflo-lx59dfa
3776813,WVL334,,LX59DDL,4140,tflo-lx59ddl
3779371,E244,,YX61DPY,4140,tflo-yx61dpy
3781116,HA9,,LK65BZF,4140,tflo-lk65bzf
3779667,DE1153,,LK11CWG,4140,tflo-lk11cwg
3779228,WVL459,,LJ61NUP,4140,tflo-lj61nup
3783910,WVL463,,LJ61NUX,4140,tflo-lj61nux
3783090,1481,1481,YX62BUA,4140,tflo-yx62bua
3777567,10176,10176,SN63JWC,4140,tflo-sn63jwc
3776839,WVL484,,LJ12CHG,4140,tflo-lj12chg
3778100,19774,19774,LX11BFP,4140,tflo-lx11bfp
3775817,DW555,,LJ13CEK,4140,tflo-lj13cek
3781472,DE1323,,LK12AXG,4140,tflo-lk12axg
3776473,2410,2410,SN61DGF,4140,tflo-sn61dgf
3780268,TE1431,,LK62DYH,4140,tflo-lk62dyh
3782327,DE1335,,LK12AYZ,4140,tflo-lk12ayz
3778538,WHV93,,BD65EWO,4140,tflo-bd65ewo
3776221,DW484,,LJ61CCU,4140,tflo-lj61ccu
3779366,E233,,YX61DSY,4140,tflo-yx61dsy
3781352,E243,,YX61DPV,4140,tflo-yx61dpv
3784704,10130,10130,LX12DFE,4140,tflo-lx12dfe
3781030,WVL487,,LJ61NVZ,4140,tflo-lj61nvz
3783302,WVL464,,LJ61NUY,4140,tflo-lj61nuy
3779625,SE68,,YX60FDA,4140,tflo-yx60fda
3782361,10180,10180,SN63JWG,4140,tflo-sn63jwg
3780048,VW1044,,LK10BXN,4140,tflo-lk10bxn
3786245,E199,,SN61BKE,4140,tflo-sn61bke
3781572,T264,,LJ61LJK,4140,tflo-lj61ljk
3777433,DW532,,LJ13CKY,4140,tflo-lj13cky
3781045,WVL336,,LX59DDO,4140,tflo-lx59ddo
3784756,WVL341,,LX59DEU,4140,tflo-lx59deu
3776798,E223,,SN61DFC,4140,tflo-sn61dfc
3785082,WVN32,,BV10WVE,4140,tflo-bv10wve
3782201,8328,8328,YX10EBL,4140,tflo-yx10ebl
3781310,SE73,,YX60FCC,4140,tflo-yx60fcc
3777599,19860,19860,LX12CZO,4140,tflo-lx12czo
3776965,HV98,,LJ13FCY,4140,tflo-lj13fcy
3777435,DW527,,LJ13CDO,4140,tflo-lj13cdo
3787189,SE104,,YX61BWA,4140,tflo-yx61bwa
3778511,WVN27,,BG59FXD,4140,tflo-bg59fxd
3776520,2403,2403,SN61DFP,4140,tflo-sn61dfp
3776838,WVL493,,LJ61NWF,4140,tflo-lj61nwf
3786440,10104,10104,LX12DBV,4140,tflo-lx12dbv
3779101,161,161,YX60FVD,4140,tflo-yx60fvd
3780354,TE1437,,LK13BFF,4140,tflo-lk13bff
3779368,E236,,YX61DTK,4140,tflo-yx61dtk
3776837,WVL494,,LJ61NWG,4140,tflo-lj61nwg
3783789,DE1125,,LK10BYR,4140,tflo-lk10byr
3777299,T155,,LJ60AVC,4140,tflo-lj60avc
3778135,10133,10133,LX12DFJ,4140,tflo-lx12dfj
3779008,SE60,,YX60FSS,4140,tflo-yx60fss
3782925,WVL492,,LJ61NWE,4140,tflo-lj61nwe
3782221,VW1380,,LK62DPY,4140,tflo-lk62dpy
3778958,E228,,SN61DFJ,4140,tflo-sn61dfj
3781652,SE107,,YX61BWD,4140,tflo-yx61bwd
3784551,DW553,,LJ13CEA,4140,tflo-lj13cea
3781984,E239,,YX61DPK,4140,tflo-yx61dpk
3783275,SE72,,YX60FCA,4140,tflo-yx60fca
3781678,SE59,,YX60FSP,4140,tflo-yx60fsp
3777679,13066,13066,BF15KGX,4140,tflo-bf15kgx
3780134,VW1272,,LK12AHD,4140,tflo-lk12ahd
3779221,E179,,SN61BHO,4140,tflo-sn61bho
3782606,155,155,YX60FUV,4140,tflo-yx60fuv
3776914,WVN51,,BL61ADO,4140,tflo-bl61ado
3778514,WVN40,,BV10WWC,4140,tflo-bv10wwc
3779895,VW1266,,LK12AFE,4140,tflo-lk12afe
3779882,HV102,,LJ13FBY,4140,tflo-lj13fby
3781825,WVL465,,LJ61NVA,4140,tflo-lj61nva
3781883,HV66,,LJ62BCU,4140,tflo-lj62bcu
3780108,VW1379,,LK62DPU,4140,tflo-lk62dpu
3779362,E230,,YX61DSO,4140,tflo-yx61dso
3783096,DW480,,LJ61CCF,4140,tflo-lj61ccf
3783007,E183,,SN61BHW,4140,tflo-sn61bhw
3785291,EH34,,YX13BKG,4140,tflo-yx13bkg
3779697,TEH1455,,LK13BGY,4140,tflo-lk13bgy
3777531,T142,,LJ10HTU,4140,tflo-lj10htu
3782125,DEM1357,,LK62DHP,4140,tflo-lk62dhp
3779853,WVN33,,BV10WVF,4140,tflo-bv10wvf
3783959,DE1161,,LK11CWT,4140,tflo-lk11cwt
3777323,T183,,LJ60AUM,4140,tflo-lj60aum
3781818,SE58,,YX60FSO,4140,tflo-yx60fso
3780650,T321,,LK65EKZ,4140,tflo-lk65ekz
3777798,10192,10192,SN63NBO,4140,tflo-sn63nbo
3777565,12262,12262,SN14TVX,4140,tflo-sn14tvx
3781629,36573,36573,LX13CZR,4140,tflo-lx13czr
3780428,TE1440,,LK13BFM,4140,tflo-lk13bfm
3779233,WVL460,,LJ61NUU,4140,tflo-lj61nuu
3783181,WVL338,,LX59DDV,4140,tflo-lx59ddv
3780522,DE1321,,LK12AWZ,4140,tflo-lk12awz
3781817,SE74,,YX60FCD,4140,tflo-yx60fcd
3778143,10144,10144,LX12DGF,4140,tflo-lx12dgf
3781302,E208,,SN61DCZ,4140,tflo-sn61dcz
3783180,HV179,,BJ14KSX,4140,tflo-bj14ksx
3782912,HV40,,LJ11EFL,4140,tflo-lj11efl
3782841,WVL490,,LJ61NWC,4140,tflo-lj61nwc
3778510,WVN26,,BG59FXC,4140,tflo-bg59fxc
3776875,E226,,SN61DFF,4140,tflo-sn61dff
3778800,EH36,,YX13BKK,4140,tflo-yx13bkk
3776856,SE129,,YX61BXE,4140,tflo-yx61bxe
3780523,TE1442,,LK13BFO,4140,tflo-lk13bfo
3785427,WVN2,,LK59FET,4140,tflo-lk59fet
3781896,WVN35,,BV10WVH,4140,tflo-bv10wvh
3786686,DE1320,,LK12AWY,4140,tflo-lk12awy
3780639,T292,,GN61JRO,4140,tflo-gn61jro
3777810,13079,13079,BF15KGJ,4140,tflo-bf15kgj
3778618,EH15,,SN61DBX,4140,tflo-sn61dbx
3780541,DE1328,,LK12AXV,4140,tflo-lk12axv
3782225,EHV3,,BJ15TWL,4140,tflo-bj15twl
3776239,2462,2462,SL14DEU,4140,tflo-sl14deu
3784666,WHV57,,BP15OMJ,4140,tflo-bp15omj
3782577,SE172,,YX61EKL,4140,tflo-yx61ekl
3777682,12340,12340,SN64OGO,4140,tflo-sn64ogo
3776477,2485,2485,SN64OFL,4140,tflo-sn64ofl
3784511,WVN49,,BL61ACZ,4140,tflo-bl61acz
3779370,E240,,YX61DPN,4140,tflo-yx61dpn
3788208,8329,8329,YX10EBM,4140,tflo-yx10ebm
3780420,VW1288,,LK12AOY,4140,tflo-lk12aoy
3780559,T190,,LJ60ATO,4140,tflo-lj60ato
3776864,E215,,SN61DDO,4140,tflo-sn61ddo
3778542,SE105,,YX61BWB,4140,tflo-yx61bwb
3780114,VW1382,,LK62DRZ,4140,tflo-lk62drz
3784726,T297,,KX61LDN,4140,tflo-kx61ldn
3784760,DE1155,,LK11CWL,4140,tflo-lk11cwl
3777294,T274,,LJ61LHU,4140,tflo-lj61lhu
3783700,178,178,YX61ENW,4140,tflo-yx61enw
3783332,DE1332,,LK12AYG,4140,tflo-lk12ayg
3783252,SE108,,YX61BWE,4140,tflo-yx61bwe
3776474,2413,2413,SN61DGV,4140,tflo-sn61dgv
3783420,10116,10116,LX12DDF,4140,tflo-lx12ddf
3784273,36577,36577,LX13CZV,4140,tflo-lx13czv
3780109,TEH1467,,LK13BHV,4140,tflo-lk13bhv
3776407,2423,2423,SN61CYE,4140,tflo-sn61cye
3776364,2432,2432,SN61CYS,4140,tflo-sn61cys
3780978,2470,2470,SN64OEU,4140,tflo-sn64oeu
3776903,WVL509,,BF63HDE,4140,tflo-bf63hde
3776836,WVL337,,LX59DDU,4140,tflo-lx59ddu
3780432,VWH1415,,LK62DWU,4140,tflo-lk62dwu
3781633,19775,19775,LX11BFU,4140,tflo-lx11bfu
3783726,10195,10195,SN63NBZ,4140,tflo-sn63nbz
3781476,DEM1356,,LK62DHG,4140,tflo-lk62dhg
3776921,WVL340,,LX59DDZ,4140,tflo-lx59ddz
3783506,DW478,,LJ61CCD,4140,tflo-lj61ccd
3783141,E217,,SN61DDV,4140,tflo-sn61ddv
3776802,WVL366,,LX60DWV,4140,tflo-lx60dwv
3783285,TE1434,,LK13BEU,4140,tflo-lk13beu
3782608,TE1435,,LK13BEY,4140,tflo-lk13bey
3776666,8843,8843,YY64YKB,4140,tflo-yy64ykb
3775952,SDE20296,,LJ12BYX,4140,tflo-lj12byx
3783430,WVL274,,LX59CYL,4140,tflo-lx59cyl
3779363,E231,,YX61DSU,4140,tflo-yx61dsu
