service_id,operators
150,ELBG
151,ELBG
152,ELBG
153,ELBG
154,ELBG
155,ELBG
156,ELBG
157,ELBG
158,ELBG
159,ELBG
4176,LONC
4189,LONC
4190,BTRI
6390,WNGS
6397,WNGS
8317,FLON
8318,FLON
8319,FLON
8320,ABLO
8321,FLON
8322,FLON
8323,FLON
8324,MTLN
8325,FLON
8326,FLON
8327,MTLN
8328,FLON
8329,FLON
8330,FLON
8331,FLON
8332,ABLO
8333,FLON
8335,MTLN
8336,FLON
8337,FLON
8352,UNOL
8353,MTLN
8354,MTLN
8641,UNOL
8664,UNOL
8772,ABLO
8773,ABLO
8774,ABLO
8775,ABLO
14095,LULD
14096,LULD
14097,LULD
14098,LULD
14099,LULD
14100,LULD
14101,LULD
14102,LULD
14103,LULD
14104,LULD
14105,LULD
14107,NATX
14108,BTRI
14109,BTRI
14110,BTRI
14111,BTRI
14112,BTRI
14113,BTRI
14114,BTRI
14115,BTRI
14116,BTRI
14117,BTRI
14118,BTRI
14119,BTRI
14120,BTRI
14121,BTRI
14122,BTRI
14123,BTRI
14124,BTRI
14125,BTRI
14126,BTRI
14127,BTRI
14128,BTRI
14129,BTRI
14130,BTRI
14131,BTRI
14132,BTRI
14133,BTRI
14134,BTRI
14135,BTRI
14136,BTRI
14137,BTRI
14138,ABLO
14139,ABLO
14140,ABLO
14141,ABLO
14142,ABLO
14143,ABLO
14144,ABLO
14145,ABLO
14146,ABLO
14147,ABLO
14148,ABLO
14149,ABLO
14150,ABLO
14151,ABLO
14152,ABLO
14153,ABLO
14154,ABLO
14155,ABLO
14156,ABLO
14157,ABLO
14158,ABLO
14159,ABLO
14160,LONC
14161,ABLO
14162,ABLO
14163,ABLO
14164,ABLO
14165,ABLO
14166,ABLO
14167,ABLO
14168,ABLO
14169,ABLO
14170,ABLO
14171,ABLO
14172,ABLO
14173,ABLO
14174,ABLO
14175,ABLO
14176,ABLO
14177,ABLO
14178,ABLO
14179,ABLO
14180,ABLO
14181,ABLO
14182,ABLO
14183,ABLO
14184,ABLO
14185,ABLO
14186,ABLO
14187,ABLO
14188,ABLO
14189,ABLO
14190,ABLO
14191,ABLO
14192,ABLO
14193,ABLO
14194,ABLO
14195,ABLO
14196,ABLO
14197,ABLO
14198,ABLO
14199,ABLO
14200,ABLO
14201,ABLO
14202,ABLO
14203,ABLO
14204,ABLO
14205,ABLO
14206,ABLO
14207,LDLR
14208,NTHC
14209,NTHC
14210,NTHC
14211,NTHC
14212,NWFF
14213,LONC
14214,LONC
14215,LONC
14216,LONC
14217,LONC
14218,LONC
14219,LONC
14220,LONC
14221,LONC
14222,LONC
14223,LONC
14224,LONC
14225,LONC
14226,LONC
14227,LONC
14228,LONC
14229,LONC
14230,LONC
14231,LONC
14232,LONC
14233,LONC
14234,LONC
14235,LONC
14236,LONC
14237,LONC
14238,LONC
14239,LONC
14240,LONC
14241,LONC
14242,LONC
14243,LONC
14244,LONC
14245,LONC
14246,LONC
14247,LONC
14248,LONC
14249,LONC
14250,LONC
14251,LONC
14252,LONC
14253,LONC
14254,LONC
14255,LONC
14256,LONC
14257,LONC
14258,LONC
14259,LONC
14260,LONC
14261,LONC
14262,LONC
14263,LONC
14264,LONC
14265,LONC
14266,LONC
14267,LGEN
14268,LGEN
14269,LGEN
14270,LGEN
14271,LGEN
14272,LGEN
14273,LGEN
14274,LGEN
14275,LGEN
14276,LGEN
14277,LGEN
14278,LGEN
14279,LGEN
14280,LGEN
14281,LGEN
14282,LGEN
14283,LGEN
14284,FLON
14285,LGEN
14286,LGEN
14287,LGEN
14288,LGEN
14289,LGEN
14290,LGEN
14291,LGEN
14292,LGEN
14293,LGEN
14294,LGEN
14295,LGEN
14296,LGEN
14297,LGEN
14298,LGEN
14299,LGEN
14300,LGEN
14301,LGEN
14302,LGEN
14303,LGEN
14304,LGEN
14305,LGEN
14306,LGEN
14307,LGEN
14308,LGEN
14309,LGEN
14310,LGEN
14311,LGEN
14312,LGEN
14313,LGEN
14314,LGEN
14315,LGEN
14316,LGEN
14317,LGEN
14318,LGEN
14319,LGEN
14320,LGEN
14321,LGEN
14322,LGEN
14323,LGEN
14324,LGEN
14325,LGEN
14326,LGEN
14327,LGEN
14328,LGEN
14329,LGEN
14330,LGEN
14331,LGEN
14332,FLON
14333,FLON
14334,FLON
14335,FLON
14336,FLON
14337,FLON
14338,FLON
14339,FLON
14340,FLON
14341,FLON
14342,FLON
14343,FLON
14344,FLON
14345,FLON
14346,FLON
14347,FLON
14348,FLON
14349,FLON
14350,FLON
14351,FLON
14352,FLON
14353,FLON
14354,FLON
14355,FLON
14356,FLON
14357,FLON
14358,FLON
14359,FLON
14360,FLON
14361,FLON
14362,FLON
14363,FLON
14364,FLON
14365,FLON
14366,FLON
14367,FLON
14368,FLON
14369,FLON
14370,FLON
14371,FLON
14372,FLON
14373,FLON
14374,FLON
14375,FLON
14376,FLON
14377,FLON
14378,FLON
14379,MBGA
14380,LONC
14381,MBGA
14382,LONC
14383,ELBG
14384,LONC
14385,MBGA
14386,MBGA
14387,MBGA
14388,LONC
14389,MBGA
14390,LONC
14391,MBGA
14392,MBGA
14393,MBGA
14394,MBGA
14395,MBGA
14396,MBGA
14397,MBGA
14398,MBGA
14399,MBGA
14400,MBGA
14401,MBGA
14402,MBGA
14403,MBGA
14404,MBGA
14405,MBGA
14406,MBGA
14407,MBGA
14408,MBGA
14409,MBGA
14410,MBGA
14411,MBGA
14412,MTLN
14413,MTLN
14414,MTLN
14415,MTLN
14416,MTLN
14417,MTLN
14418,MTLN
14419,MTLN
14420,MTLN
14421,MTLN
14422,MTLN
14423,MTLN
14424,MTLN
14425,MTLN
14426,MTLN
14427,MTLN
14428,MTLN
14429,MTLN
14430,MTLN
14431,MTLN
14432,MTLN
14433,MTLN
14434,MTLN
14435,MTLN
14436,MTLN
14437,MTLN
14438,MTLN
14439,MTLN
14440,MTLN
14441,MTLN
14442,MTLN
14443,MTLN
14444,MTLN
14445,MTLN
14446,MTLN
14447,MTLN
14448,MTLN
14449,MTLN
14450,MTLN
14451,MTLN
14452,MTLN
14453,MTLN
14454,MTLN
14455,MTLN
14456,MTLN
14457,MTLN
14458,MTLN
14459,MTLN
14460,MTLN
14461,MTLN
14462,MTLN
14463,MTLN
14464,MTLN
14465,MTLN
14466,MTLN
14467,MTLN
14468,MTLN
14469,MTLN
14470,MTLN
14471,MTLN
14472,MTLN
14473,MTLN
14474,MTLN
14475,MTLN
14476,MTLN
14477,MTLN
14478,MTLN
14479,MTLN
14480,MTLN
14481,MTLN
14482,MTLN
14483,MTLN
14484,MTLN
14485,MTLN
14486,MTLN
14487,MTLN
14488,MTLN
14489,MTLN
14490,MTLN
14491,MTLN
14492,MTLN
14493,MTLN
14494,MTLN
14495,MTLN
14496,MTLN
14497,MTLN
14498,MTLN
14499,MTLN
14500,MTLN
14501,MTLN
14502,MTLN
14503,MTLN
14504,MTLN
14505,MTLN
14506,MTLN
14507,MTLN
14508,MTLN
14509,MTLN
14510,MTLN
14511,MTLN
14512,MTLN
14513,MTLN
14514,MTLN
14515,MTLN
14516,MTLN
14517,MTLN
14518,MTLN
14519,MTLN
14520,MTLN
14521,MTLN
14522,ELBG
14523,ELBG
14524,ELBG
14525,ELBG
14526,ELBG
14527,ELBG
14528,ELBG
14529,ELBG
14530,ELBG
14531,ELBG
14532,ELBG
14533,ELBG
14534,ELBG
14535,ELBG
14536,ELBG
14537,ELBG
14538,ELBG
14539,ELBG
14540,ELBG
14541,ELBG
14542,ELBG
14543,ELBG
14544,ELBG
14545,ELBG
14546,ELBG
14547,ELBG
14548,ELBG
14549,ELBG
14550,ELBG
14551,ELBG
14552,ELBG
14553,ELBG
14554,ELBG
14555,ELBG
14556,ELBG
14557,ELBG
14558,ELBG
14559,ELBG
14560,BMCS
14561,ELBG
14562,ELBG
14563,ELBG
14564,ELBG
14565,ELBG
14566,ELBG
14567,ELBG
14568,ELBG
14569,ELBG
14570,ELBG
14571,ELBG
14572,ELBG
14573,ELBG
14574,ELBG
14575,ELBG
14576,ELBG
14577,ELBG
14578,ELBG
14579,ELBG
14580,ELBG
14581,ELBG
14582,ELBG
14583,ELBG
14584,ELBG
14585,ELBG
14586,ELBG
14587,ELBG
14588,ELBG
14589,ELBG
14590,ELBG
14591,ELBG
14592,ELBG
14593,ELBG
14594,ELBG
14595,ELBG
14596,ELBG
14597,ELBG
14598,ELBG
14599,ELBG
14600,ELBG
14601,ELBG
14602,ELBG
14603,ELBG
14604,ELBG
14605,ELBG
14606,ELBG
14607,ELBG
14608,ELBG
14609,ELBG
14610,ELBG
14611,ELBG
14612,ELBG
14613,ELBG
14614,ELBG
14615,ELBG
14616,ELBG
14617,ELBG
14618,ELBG
14619,ELBG
14620,ELBG
14621,ELBG
14622,ELBG
14623,ELBG
14624,ELBG
14625,ELBG
14626,ELBG
14627,ELBG
14628,ELBG
14629,ELBG
14630,ELBG
14631,ELBG
14632,ELBG
14633,ELBG
14634,FLON
14635,FLON
14636,FLON
14637,FLON
14638,FLON
14639,FLON
14640,FLON
14641,FLON
14642,FLON
14643,FLON
14644,FLON
14645,FLON
14646,FLON
14647,FLON
14648,FLON
14649,FLON
14650,FLON
14651,FLON
14652,FLON
14653,FLON
14654,TRAM
14655,NXHH
14656,NXHH
14657,NXHH
14658,NXHH
14659,NXHH
14660,NXHH
14661,NXHH
14662,NXHH
14663,NXHH
14664,NXHH
14665,NXHH
14666,NXHH
14667,NXHH
14668,IFSC
14669,UNOL
14670,UNOL
14671,UNOL
14672,UNOL
14673,UNOL
14674,UNOL
14675,DLBU
14676,BTRI
14677,AVLO
14678,AVLO
14679,AVLO
14680,AVLO
14681,AVLO
14682,AVLO
14683,AVLO
14684,AVLO
14685,AVLO
14686,AVLO
14687,AVLO
14688,AVLO
14689,AVLO
14690,AVLO
14691,AVLO
14692,AVLO
14693,AVLO
14694,AVLO
14695,AVLO
14696,AVLO
14697,AVLO
14698,AVLO
14699,AVLO
14700,AVLO
14701,AVLO
14702,AVLO
14703,AVLO
14704,AVLO
14705,AVLO
14706,AVLO
14707,AVLO
14708,AVLO
14709,AVLO
14710,AVLO
14711,AVLO
14712,AVLO
14713,ELBG
14714,AVLO
14715,AVLO
14716,AVLO
14717,AVLO
14718,AVLO
14719,AVLO
14720,AVLO
14721,AVLO
14722,AVLO
14723,AVLO
14724,AVLO
14725,AVLO
14726,AVLO
14727,AVLO
14728,AVLO
14729,AVLO
14730,AVLO
14731,AVLO
14732,AVLO
14733,AVLO
14734,AVLO
14735,AVLO
14736,AVLO
14737,AVLO
14738,AVLO
14739,AVLO
14740,AVLO
14741,AVLO
14742,AVLO
14743,AVLO
14744,AVLO
14745,AVLO
14746,AVLO
14747,AVLO
14748,AVLO
14749,AVLO
14750,AVLO
14751,AVLO
14752,AVLO
14753,AVLO
14754,AVLO
14755,AVLO
14756,AVLO
14757,AVLO
14758,AVLO
14759,AVLO
14760,AVLO
14761,AVLO
14762,AVLO
14763,AVLO
14764,AVLO
14765,AVLO
14766,AVLO
14767,REPS
14768,REPS
14769,REPS
14770,REPS
14771,REPS
14772,REPS
14773,REPS
14774,MTLN
14775,REPS
14776,REPS
14777,REPS
14778,REPS
14779,REPS
14780,REPS
14781,REPS
14782,REPS
14783,REPS
14784,REPS
14785,REPS
14786,REPS
14787,REPS
14788,REPS
14789,REPS
14790,REPS
14791,REPS
14792,REPS
14793,REPS
14794,REPS
14795,ABLO
14796,REPS
15075,
15076,
15077,
15078,REPS
15079,REPS
15080,REPS
15081,REPS
15167,REPS
15168,REPS
15169,REPS
15170,REPS
15171,REPS
15172,REPS
15173,REPS
15174,AVLO
15175,REPS
15176,REPS
15216,
15218,REPS
15219,REPS
15220,REPS
15221,REPS
15222,REPS
